video,pred,p_amarillo,p_rojo,p_verde,p95_left,p95_right,max_p95,min_p95,mean_p95,miss_left_pct,miss_right_pct,max_miss,min_miss,mean_miss,frames,fps,prop_c0,prop_c1,prop_c2
VID_20250820.mp4,rojo,0.11842218483049503,0.5520851296092988,0.3294926855602063,0.2782430052757263,0.36231817305088043,0.36231817305088043,0.2782430052757263,0.3202805891633034,11.508953094482422,48.59334945678711,48.59334945678711,11.508953094482422,30.051151275634766,391,15.0,0.1875,0.3125,0.5
