video_id,pred,p_amarillo,p_rojo,p_verde
VID_20250904_111005_15fps,rojo,4.863881572372415e-05,0.9999453346168068,6.026567469475042e-06
